ID,Name
2007066,BOLT HF M12x1.5x55 [10.9]-U-G720
2007108,BOLT H CAM M14x2.00x114 [10.9]-G720
2007111,BOLT HF M12x1.75x35 [10.9]-G720
2007183,NUT HF M5-0.80[8]ZnAlW
6007556,AIR EXTRACTOR
6008159,GRILLE MESH
1003124-00-F,"BRKT - FR FOG LAMP, LH"
1003749-X0-B,"SWITCH, PWR WINDOW, PASSENGER"
1004358-00-C,NUT HF M14x1.50 [10] ZnNi NL INSERT
1004374-00-B,"SCR,M6-1X75,6-LOBE PH,STL,ZN-NI,PATCH"
1004420-04-M,"ASY,HRN,MDLS,ALL,BUMP FR,PKA2"
1004420-04-P,"ASY,HRN,MDLS,ALL,BUMP FR"
1004420-04-T,"ASY,HRN,MDLS,ALL,BUMP FR,DA01"
1004424-00-M,"ASY,HRN,WGRMT,DOOR,FR,RH,MDLS,LHD,TECH"
1004969-00-A,NVH Butyl Foil
1005420-00-D,"SEAL, DOOR FRONT A PILLAR MARGIN LH"
1005421-00-D,"SEAL, DOOR FRONT A PILLAR MARGIN RH"
1005422-00-D,"SEAL, DOOR FRONT B PILLAR MARGIN LH"
1005423-00-D,"SEAL, DOOR FRONT B PILLAR MARGIN RH"
1005536-00-J,CARRIER
1005627-00-B,"COIL,LF,PASSIVE ENTRY MODEL S"
1005822-00-A,NUT HEX M6-1.00 8 ZnAl 18 KEPS
1006521-00-A,RVT PUSH-PULL 8X18X20.0 (0M1M)
1006529-00-A,BOLT HF M6X18 PC88 MAT
1006535-00-A,RVT PUSH-PULL 8X18X28.5
1006628-01-A,"NUT,M8-1.25,HF,Steel[10],ZnAl,BLACK"
1007379-00-B,"NUTPLT 18x25-1.5,WLDSTD M6x1-40"
1007818-00-B,"ERGO CLIP, 2.5-3 PNL,12W,16L,169 coating"
1008274-00-B,"SEAL, WING BRKT, RR FASCIA"
1008703-00-A,"SCR, M5x12,PT,TORX,ST,ZnAl"
1008833-01-A,"BOLT PF, M8x16, STL[98] ZNNI BLK"
1008840-00-C,ASY-BRKT GAS PROP RH HOOD
1008841-00-C,ASY-BRKT GAS PROP LH HOOD
1008953-00-H,"HORN,HI TONE,MODEL S RC"
1008954-00-H,"HORN,LOW TONE,MODEL S RC"
1009153-00-C,SEAL - HOOD TO COWL
1009169-00-A,BOLT HF M14x2.00x50 DP [10.9] ZnAl-W
1010104-00-A,EXTERIOR MIRROR SKULL CAP RH
1011416-00-B,"SCR,M3-0.5X8,PH,TRX-T10,STL,ZNC,PATCH"
1011641-00-B,ASY-BRKT GAS PROP RH BODY
1011642-00-A,ASY-BRKT GAS PROP LH BODY
1011686-00-A,"CLIP, LIFTGATE APPLIQUE"
1011692-00-A,"BRKT, ISOLATOR, BUMPER BEAM"
1012215-00-G,"SCUFF PLATE, PLASTIC, LH"
1012717-00-B,"SEAL, ADHESIVE BACKED"
1012944-00-D,"CLIP, UNDERHOOD APRON TO FENDER"
1013738-00-C,MODEL S BADGE
1013802-00-B,"U-NUT,MT,M6,0.5-3.0,STL,G0110"
1013804-00-D,"STOP, LIFTGATE"
1013935-00-C,"LBL,TIRE PRESSURE & LOADING INFO LABEL"
1014049-00-B,SCREW T20 ST4.2X20 W WASHER
1014130-00-A,"STUD CL,M10x25,STL[109],ZNNI"
1014395-00-A,"RETAINER RING, DECOUPLING, CLEAR"
1014397-00-A,ASSY FASCIA SUPPORT BRACKET LH
1014399-00-A,ASSY FASCIA SUPPORT BRACKET RH
1014830-00-A,"SCR,M5x10,TRX FLNGE,THRD FRMNG,STL,ZN-NI"
1015444-00-C,"TRIM-FR FOG LAMP LWR, RH BLACK"
1015713-00-B,"LABEL ,RECYCLING WARNING,BATTERY"
1016456-00-B,"WSHR,6.0x18x1.6mm, EPOXY"
1017414-00-D,FR FASCIA BRIGHT CARRIER
1017415-00-D,FR FASCIA CENTER APPLIQUE
1017416-00-C,FR FASCIA BRIGHT TRIM
1017442-00-B,TESLA BADGE 'T'-FRONT
1018100-00-B,BRKT FR LICENSE PLATE
1019075-00-E,"PLASTICS SUB ASY, UNDERHOOD APRON, RH"
1020227-00-D,"LBL,HV,AUTHORIZED SERVICE PERSONNEL"
1020467-00-E,"LOUVRE ASSY, LH, WHEEL LINER"
1020987-00-A,"APPLIQUE TAPE, 5X90MM"
1020988-00-A,"APPLIQUE TAPE, 12X55MM"
1022112-00-A,"NVH FOAM, EXT MIRROR, RH"
1022543-00-B,"BLT,HEX,M6-1.00X30 + PATCH"
1025215-00-A,"ASY,HRN,ADAPT,MIRROR,SIDE,F-H"
1025216-00-A,"ASY,HRN,ADAPT,MIRROR,SIDE,H-F"
1025401-00-A,"CLIP, HEART FLEX W WSHR 70 LBS RETENTION"
1026938-00-A,SPR Rivet C 5x4.5 H4 SKR
1026939-00-A,SPR Rivet C 5x5 H4 SKR
1026942-00-A,SPR Rivet C 5x6.5 H4 SKR
1026943-00-A,SPR Rivet C 5x7 H4 SKR
1026944-00-A,SPR Rivet K 5x8 H4 SKR
1027010-00-B,"LUG NUT CAP, TALL"
1027170-00-C,"DRIVEN HUB, MODEL S/X"
1027311-00-F,FR KNUCKLE LH
1027322-00-F,FR UPR ARM ASSY LH
1027351-00-E,FR SUSP AFT LINK ASSY
1027391-00-B,FR STABAR LINK LH
1027579-00-F,"ASSY, FR SUBF, MX, 3DU, LHD"
1027765-00-B,FR WSS BODY BRACKET - MODEL X
1027841-00-B,TIE ROD BALL JOINT
1027941-00-B,AIR SUSP HEIGHT SNSR ASY FR LH
1028183-00-A,"BLT,HEX,FLG,M8x25[9.8]"
1028408-00-A,"BLD RIV 6.5MM,2.0MM-9.5MM,STL,ZN"
1028409-00-A,"BLD RIV 6.5MM,2.0MM-15.9MM,STL,ZN"
1028719-00-A,"RIVET 4.8MM, 1.6 - 6.9MM,STL,ZN"
1028768-00-L,"CIW ASY-FLCN DR UPR, LH"
1028790-E0-K,"ASSY FLCN DR LWR, LH"
1028818-00-F,"ASSY - WINDOW REGULATOR, FR LH"
1028820-00-F,ASSY - WINDOW REGULATOR RR LH
1029284-00-C,"HOOD HINGE, ACTIVE, LH"
1029285-00-C,"HOOD HINGE, ACTIVE, RH"
1030603-00-B,FR SUSP STABI LINK ASSY DMD
1030606-00-D,"KNUCKLE, FR SUSP  RH DM"
1030607-01-D,FRONT COIL SUSPENSION MODULE - DM S2
1030616-00-D,"HALFSHAFT,  FR, RH, MODEL S HPDM"
1030810-00-C,"ASY,HOSE,3WVLV-4WVLV,PT,DM,MDL S"
1031141-00-B,"ASY, BUMPER SYSTEM, DM"
1032167-88-D,"RWK 	OUTER BELT SEAL PHANTOM ASS'Y,LH RR"
1032245-00-A,NVH Butyl Foil
1032246-00-A,"BUTYL FOIL, 40x40, 1 mm thick"
1032249-00-J,"UPPER BRIGHT ASS'Y,LH RR"
1032384-00-C,"COVER,SKI,SIDE,FRONT,BATT ENCLOS"
1032385-00-C,"COVER,SKI,SIDE,MID,BATT ENCLOS"
1032386-00-C,"COVER,SKI,SIDE,REAR,BATT ENCLOS"
1032667-00-L,SECONDARY HINGE ASSY - FRONT LH
1033011-00-G,HOOD LATCH
1033015-00-E,"STRIKER, HOOD"
1033093-00-A,"WASHER, NORDLOCK,  15.2x30.7x3.4"
1033836-00-H,LATCH STRIKER FLCN DOOR
1033838-00-K,"LATCH, RR LH, MDLX"
1034247-00-I,LINER-WHEELHOUSE RR LH MX
1034249-00-H,MX LINER- FR WHEELHOUSE LH
1034250-00-H,MX LINER- FR WHEELHOUSE RH
1034314-00-G,"HD/LP ASY, SAE UP-LEVEL, LH"
1034315-00-G,"HD/LP ASY, SAE UP-LEVEL, RH"
1034326-00-C,"LAMP ASY, FRT TURN/FOG, SAE UP-LEVEL, LH"
1034327-00-C,"LAMP ASY, FRT TURN/FOG, SAE UP-LEVEL, RH"
1034340-00-D,"LAMP ASY, CHMSL"
1034342-00-C,"LAMP ASY, REAR REFLEX (LH)"
1034343-00-C,"LAMP ASY, REAR REFLEX (RH)"
1034472-00-F,"LATCH STRIKER, FR, MDLX"
1034509-00-D,"LINER, WHEELHOUSE FR RH"
1034602-00-C,"TPMS, WHEEL SENSOR, SILVER, 433 MHz"
1034829-00-D,"ASY, BRKT, RR WING LH"
1034832-00-D,"ASY, BRKT, RR WING RH"
1034833-00-E,"MX LWR VALANCE, FR FASCIA"
1034833-00-F,"VALANCE ASM - FRT FASCIA (W/PWS), MX"
1034844-00-C,"BRKT, CTR, MODEL X"
1034876-00-C,CABLE HOOD LATCH SECONDARY
1034877-00-C,CABLE HOOD LATCH PRIMARY
1034902-00-Q,"RR DOOR ROOF GLASS ASY, LH"
1035096-00-D,"ASY, MOLDING - SILL OTR, LH"
1035158-00-D,"AERO SHIELD, FRONT"
1035180-01-J,"EXT MIRROR, PREM, DOM, CHR DEL, LH, MX"
1035181-01-J,"EXT MIRROR, PREM, DOM, CHR DEL, RH, MX"
1035201-00-E,"DOOR CLADDING ASY - FR, LH"
1035202-00-E,"DOOR CLADDING ASY - FR, RH"
1035203-00-F,"DOOR CLADDING ASY - RR, LH"
1035288-00-P,"ASSY, FENDER GARNISH FR, LH MDL X"
1035289-00-P,"ASSY, FENDER GARNISH FR, RH MDL X"
1035290-00-G,"ASSY, FENDER GARNISH RR, LH MDL X"
1035291-00-G,"ASSY, FENDER GARNISH RR, RH MDL X"
1035369-00-E,"ASY, LIFTGATE APPLIQUE"
1035371-00-D,SLEEVE - TORSION SPRING FLCN DR LH
1035372-00-D,SLEEVE - TORSION SPRING FLCN DR RH
1035434-00-L,SECONDARY HINGES ASSY REAR LH
1035967-01-H,"ASY, B-PILLAR LOWER GRAPH, LH"
1036579-00-D,LIFTGATE PINCH SENSOR LH
1036887-00-E,"ASY, LOUVRE, LH WHEEL LINER, DM"
1036889-00-E,"ASY, LOUVRE RH, WHEEL LINER, DM"
1037112-00-A,FR BASH PLATE LWR EXTRUSION
1037509-00-F,ASY SPEAKER GRILL DR RR LH
1037559-00-D,PINCH SENSOR REAR DOOR LH; LWR FR
1037560-00-F,PINCH SENSOR REAR DOOR LH; LWR RR
1037844-00-M,"PRIMARY HNG RH RR, LH FRT"
1038211-00-A,GRILLE MESH WITH RADAR
1038222-00-A,TRIM CLIP 8X2.5
1038384-E0-C,"HOOD ASY COMP, SINGLE LATCH,ECOAT ONLY"
1038384-S0-C,"HOOD ASY COMP, SINGLE LATCH,ECOAT ONLY"
1038394-00-A,"SEAL, DOOR FR OTR BELT, RH"
1038396-80-A,"RWK SEAL, DOOR RR OTR BELT, RH"
1038406-00-A,"SEAL, DOOR FR INR BELT, RH"
1038839-00-A,"FR QTR glass foam 40x10x35mm, service"
1038840-00-A,"FR QTR glass foam 120x10x35mm, service"
1038910-00-B,STAY BAR
1039308-00-A,"ASY-BRIGHT MOLDING, BODY SIDE, RH"
1039348-00-A,"GASKETS, SET, FRONT DUCTING"
1041316-00-B,"MS EXT MIRROR ASY, BASE, DOMESTIC, RH"
1041318-00-G,"MS EXT MIRROR ASY, PREMIUM, DOMESTIC, RH"
1041685-00-A,"BUMPER BEAM, REAR DA"
1042046-00-B,"HANGER BRKT LH, RR FASCIA"
1042393-00-D,LIFTGATE PINCH SENSOR RH
1042410-00-D,PINCH SENSOR FR LH
1042974-00-B,"HANGER BRKT RH, RR FASCIA"
1043438-00-A,NVH Butyl Foil
1043439-00-A,NVH Butyl Foil
1043612-00-F,MX HEADLAMP SUPPORT BRACKET RH
1043927-00-E,"ASSY, MX DUCT FR.FOGLAMP LH"
1043931-00-E,"ASSY, MX DUCT  FR.FOGLAMP RH"
1043965-00-B,"FR UPR CTRL ARM, LH, DUAL MOTOR"
1043966-00-B,"FR UPR CTRL ARM, RH, DUAL MOTOR"
1044036-00-B,"FUCA MT ISOLATOR, RH"
1044121-00-E,"DRIVEN HUB, 150mm FLANGE OD"
1044122-00-E,"NON DRIVEN HUB, 150mm FLANGE OD"
1044123-00-B,"DRIVEN HUB, 142mm FLANGE OD"
1044235-00-C,19 INCH GEMINI CAP
1044271-00-C,18 INCH PINWHEEL REFRESH CAP
1044311-00-E,"KNUCKLE, FRONT-LEFT"
1044316-00-E,"KNUCKLE, FRONT-RIGHT"
1044321-00-J,"FR UPR CTRL ARM ASSY, LH"
1044326-00-J,"FR UPR CTRL ARM ASSY, RH"
1044341-00-D,FR LWR LATERAL LINK ASSY
1044354-00-A,"FR LWR COMP LINK ASSY, 0.975 kN/mm, LH"
1044359-00-A,"FR LWR COMP LINK ASSY, 0.975 kN/mm, RH"
1044369-00-G,"DAMPER ASSY, FRONT-RIGHT, COIL RWD E1/RR"
1044369-01-F,"DAMPER ASSY, FRONT-RIGHT, COIL RWD E3"
1044376-00-D,"FUCA MOUNT, RIGHT"
1044404-00-B,"WASHER,12x32x5,STL,ZNFL"
1044406-25-C,"CAM BOLT,HW,M12-1.75x91,[109],ZNFL,SW8"
1044416-00-G,"KNUCKLE ASSY, REAR-RIGHT"
1044441-00-F,RR LWR FORE LINK ASSY
1044451-00-F,RR LWR AFT LINK ASSY
1044464-00-C,JOUNCE BUMPER - RR
1044521-11-N,"FR SUBF ASSY, MDL3/Y"
1044531-00-C,"FR SUBF ASSY, MDL3/Y"
1044832-00-A,"STEERING GEAR ASSY, LHD"
1045120-00-A,ANKLE CATCHER - MAG CARRIER
1045351-00-H,FRONT DOOR DRIVE UNIT LH
1045353-00-B,FRONT DOOR POP ACTUATOR LH
1045536-00-H,HINGE UPR FR DOOR LH
1045538-00-H,HINGE LWR FR DOOR
1045634-00-D,MX FAIRING RR WHEEL LH
1045887-00-B,"JACK PAD, MODEL X"
1045890-00-E,"DOOR CLADDING ASY - RR WHEEL ARCH, LH"
1045973-00-C,DM FRONT SUBFRAME SKID BAR
1046256-00-B,LIFTGATE PINCH SENSOR FWD EDGE
1046472-00-E,"CLOSEOUT PANEL, RR LH MDLX"
1046559-00-B,"BEZEL, DOOR HANDLE OUTER LH"
1046690-00-B,"CARRIER, ROCKER PANEL, LH"
1046705-00-C,SEALING RIVET 5.9-6.2
1046718-S0-A,C-PILLAR LOWER EXTENSION LH
1046923-00-B,"TAPE, LIFTGATE APPLIQUE, MX, LH LAMP"
1046924-00-B,"TAPE, LIFTGATE APPLIQUE, MX, RH LAMP"
1046925-00-F,"ASY, BRKT, LIFTGATE APPLIQUE, MX"
1046957-00-G,MX BRKT HEADLAMP INNER LH
1046958-00-D,MX BRKT HEADLAMP OUTER LH
1046959-00-G,MX BRKT HEADLAMP INNER RH
1047020-00-F,MX FRONT APRON SUPPORT
1047021-00-E,FRONT UPPER GRILLE SURROUND MX
1047022-00-D,MX FRONT UPPER GRILLE BRIGHT TRIM
1047074-00-G,LH HINGE TRIM COVER
1047075-00-G,RH HINGE TRIM COVER
1047307-00-A,TRIM CLIP 8.5x0.7-1.6
1047320-00-F,"ASY, LIFTGATE TROUGH TRIM, LH"
1047321-00-E,"ASY, LIFTGATE TROUGH TRIM RH"
1047360-00-G,"PANEL, UPPER CLOSING, FASCIA, MX"
1047580-00-D,SPRING - REAR DOOR COUNTERBALANCE LH
1047581-00-D,SPRING - REAR DOOR COUNTERBALANCE RH
1047734-00-F,MX LOWER FRONT GRILLE MESH
1047740-00-H,"PANEL, LOWER CLOSING, FASCIA, MX"
1047854-00-A,MX RR T BADGE
1047884-00-E,MX ASSY FR T BADGE
1047885-00-C,"ASY, LIFTGATE TROUGH TRIM, CENTER"
1048428-E0-B,"PASSIVE SPOILER UPPER WING, ECOATED"
1048429-01-D,"PASSIVE SPOILER LOWER WING, PAINTED"
1048473-00-A,"PA SENSOR,AXIAL-UNPAINTED"
1048520-00-B,PARK ASSIST RETAINERS-S5
1049609-00-F,MX FOG LAMP PARKING UPPER SPEAR LH
1049611-00-F,MX FOG LAMP PARKING LOWER SPEAR LH
1050143-00-E,FRONT UPPER GRILLE MX
1050421-00-D,"ASY, SKID PLATE, MX"
1051330-00-A,SCREW PN ST4.2x13 C
1051545-00-K,"FALCON DOOR UPR TRM LH, ULTRASUEDE BLK"
1051547-06-C,FALCON DOOR MID GAPHIDER LH U/S BLK
1051618-00-A,"ASY U.HOOD APRON FR, PLSTC SCF, MS RWD"
1051620-00-A,"ASY U.HOOD APRON FR, PLASTIC SCF, DM"
1051660-00-B,PUSH NUT ROUND 5x24
1051875-E0-G,"HOOD ASY COMP,ECOAT ONLY"
1052333-06-G,FALCON DOOR LOWER GARNISH LH U/S BLK
1052434-01-J,BALL STUD BKT ASSY - LH FRT / RH RR
1052628-00-B,"SUB ASY, FRONT AERO SHIELD, DM"
1053570-00-G,"HD/LP ASY, SAE UP-LEVEL, LH"
1053571-00-G,"HD/LP ASY, SAE UP-LEVEL, RH"
1053623-00-C,FRONT DOOR DRIVE UNIT LINK SEAL LH
1054113-00-B,"M3, POWER LIFTGATE CHIME"
1054149-00-G,LOWER LATCH COVER
1054316-00-D,3RD ROW RH SWITCH ASSY
1054430-00-D,"EXT MIRR SKULL CAP - LH, MX, UNPAINTED"
1054431-00-D,"EXT MIRR SKULL CAP - RH, MX, UNPAINTED"
1054576-00-D,MX RR FASCIA TROUGH GARNISH SUB-ASSY
1054803-00-D,Wheel Fairing LH
1054804-00-D,Wheel Fairing RH
1054829-00-G,"ASY CARRIER MX CENTER SPINE APPLIQUE, LH"
1055048-00-K,"ASY, FALCON DOOR UPR OUTER FR LH MX"
1055049-00-F,"ASY, FALCON DOOR UPPER OUTER MID LH"
1055050-00-K,"ASY, FALCON DOOR UPPER OUTER RR LH"
1055069-00-E,MX CENTER FASCIA BCKT
1055078-00-A,NUT PNL ST4.2x0.7-2.3
1055537-00-A,FASCIA SUPPORT BRACKET LH
1055538-00-A,FASCIA SUPPORT BRACKET RH
1055758-S0-B,"Asy-Brkt Fender Rr Lwr Fastener,LH"
1055890-00-E,"SENSOR, ULTRASONIC, RADIAL,COUPLING TAPE"
1055890-00-H,"SENSOR, ULTRASONIC, RADIAL,COUPLING TAPE"
1056087-00-D,"ASY, LH B-PILLAR LOWER BRACKET, MX"
1056095-00-B,"ASY, LH REAR SILL BRACKET, MX"
1056277-00-K,"ASSY, FR SUBF, MS 3DU, LHD"
1056370-S0-A,"FR FASCIA MS2, AUTOPILOT, SVC"
1056376-00-C,"LWR VALENCE, FR FASCIA"
1056376-00-D,"LWR VALENCE, FR FASCIA"
1056378-00-C,"FOG SPEAR UPR LH, FR FASCIA MS2"
1056379-00-C,"FOG SPEAR LWR LH, FR FASCIA MS2"
1056380-00-C,"FOG SPEAR UPR RH, FR FASCIA, MS2"
1056381-00-C,"FOG SPEAR LWR RH, FRONT FASCIA MS2"
1056534-00-C,"BOLT,TE,M8x23,STL[10.9],PC"
1056837-00-D,Ankle Catcher MS2
1057056-00-D,MX FR Tow Hook Cover
1057091-00-D,"BOLT&WSHR,HX,M10x30,STL[10.9],PTC,ZNFL"
1057157-00-A,"SUB-ASY, LICENSE PLATE BRACKET, MX NA"
1057246-00-B,"TAPE, BRKT, MX LIFTGATE APPLIQUE"
1057845-00-C,"TOW HOOK COVER, FR FASCIA MS2"
1057847-00-E,"GRILLE COVER UPR, FR FASCIA MS2"
1057850-00-C,"GRILLE COVER RH, FR FASCIA MS2"
1057851-00-J,"ASY, ACTIVE LOUVRE LH MS2"
1057991-00-F,HOOD LATCH RELEASE ASY
1057999-00-B,"RADIATOR MOTOR PEM, MS2"
1058003-21-K,MX DOOR TRIM RR LH PREM (PUR BLK)
1058007-00-J,"ASY, ACTIVE LOUVRE RH, MS2"
1058022-00-B,FR END FR DUCTING MS2
1058023-00-C,"ASY, DUCTING FR END RR LH MS2"
1058024-00-C,"ASY, DUCTING FR END RR RH, MS2"
1058073-00-B,"ASY FR END DUCTING WITH HORNS, MS2"
1058200-00-A,FR FASCIA CENTER APPLIQUE DPA
1058614-00-C,"HOSE (PT), RADIATOR BYPASS, MS2"
1058812-00-B,"MX, LIFTGATE LAMP TRIM COVER LH"
1058813-00-B,"MX, LIFTGATE LAMP TRIM COVER RH"
1059185-00-A,"ASY, LH REAR HEADER BRACKET, MX"
1059979-00-B,"BRKT, FR FOG LAMP, LH (MS2)"
1059980-00-B,"BRKT, FR FOG LAMP, RH (MS2)"
1060474-00-D,Front Apron Assembly MS2
1060479-00-B,Apron Assembly Right MS2
1060479-00-C,Apron Assembly Right MS2
1060510-00-B,Shock Tower Cover RH MS2
1061332-00-B,FASCIA SUPPORT BRACKET MS2 RH
1061911-00-C,"LICENSE PLATE BRACKET SHELL, NA, MS2"
1061912-00-C,LICENSE PLATE BRKT STRUCTUAL BASE NA MS2
1061913-00-C,"LICENSE PLATE BRACKET FRAME, NA, MS2"
1061950-98-E,"RWK FRONT END CARRIER, MS2"
1062472-00-F,T BADGE SUPPORT
1062558-00-A,"LRG FLNG RIV 6.5MM,2MM-15.9MM,KIT,STL,ZN"
1062559-00-A,"STR.CMMN RIV 6.5MM,3MM-13.5MM,KIT,STL,ZN"
1063257-00-B,"BOLT,HF,M12-1.75x93,[109],ZNFL,SMAT"
1063440-00-F,RR DOOR EM STRUT - PRMARY LH RR / RH FRT
1063440-01-F,RR DOOR EM STRUT - PRMARY LH FRT / RH RR
1063441-00-F,RR DOOR EM STRUT - SECONDARY
1063587-00-A,"SPRING, ULTRASONIC HOLDERS"
1063693-00-D,"ASY FR LH Wheel Louver Liner, MS2"
1063694-00-D,"ASY FR RH Wheel Louver Liner, MS2"
1063709-00-D,"CAP, ONSKIN ULTRASONIC HOLDER"
1063710-00-C,"SPACER, ONSKIN ULTRASONIC HOLDER"
1063943-00-A,"STR. BULB RIV 6.5MM,2MM-4.5MM,STL,ZN"
1064059-00-A,Retainer
1064105-00-C,"BOLT&WSHR,HX,M8x35,STL[10.9],ZNNI,PC"
1064689-00-J,"DISCONNECT,BATTERY,PYRO"
1064834-00-B,"BOLT,BH,M10-1.5x59,[10.9],ZNFL,SMAT"
1065233-00-D,V-BAR SUB ASSY MS2
1065817-00-C,"HOSE (BATT), PUMP1 TO CHILLER, MS2"
1066672-00-A,"BALL CAP, FRONT DOOR DRIVE UNIT"
1067958-00-G,"ASY,HARN,FR FASCIA,M3,FASCIA LAMPS"
1067959-00-E,"ASY,HARN,RR FASCIA,M3"
1068130-01-B,M3Y 1R SB HEIGHT ADJUSTER
1068749-00-A,"ASY RR FASCIA BASIC, SRVC"
1068758-00-A,"ASY FR FASCIA SRVC, No Park Assist"
1068760-00-A,"MS FRONT FASCIA UNPAINTED, 6 PARK ASSIST, SRVC"
1068760-00-A,ASY FR FASCIA SRVC 4 hole fascia skin PA
1069003-00-C,FALCON DOOR LOWER EDGE PROTECTOR LH
1069233-00-C,"Falcon Dr lit button-Close switch, LH"
1069308-00-A,"SM CTSK RIV 4.8MM,2.0MM-3.1MM,KIT,STL,ZN"
1069326-00-A,"SM CTSK RIV 4.8MM,3.2MM-8.4MM,KIT,STL,ZN"
1069327-00-A,"SM CTSK RIV 6.5MM,4.06-12.07,KIT,STL,ZN"
1069328-00-A,"RIVET, FLOW FORM, SS COATED , 8.0 LONG, 1.3-2.5MM GRIP RANGE, 7.4MM Hole"
1069329-00-A,"RIVET, FLOW FORM, SS COATED , 9.2 LONG, 2.3-3.5MM GRIP RANGE, 7.4MM Hole"
1069330-00-A,"Flw Frm Rvt,S28Kit-8mmSt.Stl3.35-4.1"
1069331-00-A,"Flw Frm Rvt,S38Kit-8mmSt.Stl4.0-5.15"
1069332-00-A,"Flw Frm Rvt,S48Kit-8mmSt.Stl 5.0-6.1"
1069333-00-A,"Flw Frm Rvt,S58Kit-8mmSt.Stl 6.0-7.2"
1069473-S0-A,"Asy, C Pillar Reinf, LH, Service"
1069520-00-M,RR DOOR GLASS SEAL/FXD GLASS LH ASM
1069532-E0-N,"ASSY - FRONT FENDER, LH, ECOATED"
1069534-E0-N,"ASSY - FRONT FENDER, RH, ECOATED"
1070801-00-F,"STEERING GEAR ASSY, LHD"
1071549-00-B,NA LIC PLATE BRKT STRUCT BASE TAPE MS2
1071616-00-C,MX 3rd ROW CABLE ASSY RECL REL
1072794-00-B,CLAMP BRACKET ASSY - SECONDARY HINGES
1072913-00-B,"FASCIA TAB REINFORCE, FR LH (MS2)"
1072914-00-B,"FASCIA TAB REINFORCE, FR RH (MS2)"
1073190-S0-B,"Asy,Frt Body Side COMP,LH,SVC POST2.0"
1073674-S0-B,"M3 ASY, BODY SIDE OUTER, RH"
1073677-S0-B,"M3 ASY, REAR QUARTER OUTER ASSY LH"
1073678-S0-B,"M3 ASY, REAR QUARTER OUTER ASSY RH"
1073755-S0-G,PANEL - SHOTGUN OUTER - LEFT
1073812-S0-G,FRT SUBFRAME MNT FRT INR RH
1074846-S0-A,M3 FRONT SUBFRAME MOUNT CAP RH
1074903-00-C,BRKT ASY FASC WHL ARCH LWR TAPE LH
1074904-00-C,BRKT ASY FASC WHL ARCH LWR TAPE RH
1075447-00-C,"ASY, SENSOR CARRIER W/ADHESIVES, LEFT"
1075831-00-A,PASSIVE SPOILER LH STANCHION COVER
1075832-00-A,PASSIVE SPOILER RH STANCHION COVER
1076721-00-D,FIXED SPOILER LH LIFTGATE CAP
1076722-00-D,FIXED SPOILER RH LIFTGATE CAP
1076732-00-H,M3 ACTIVE GRILLE SHUTTER ASSY
1077371-00-L,"HD/LP ASY, SAE UP-LEVEL, LH"
1077371-98-L,"HD/LP ASY, SAE UP-LEVEL, LH"
1077372-00-L,"HD/LP ASY, SAE UP-LEVEL, RH"
1077389-00-F,"LAMP ASY, FASCIA LAMP, SAE BASE, LH"
1077390-00-F,"LAMP ASY, FASCIA LAMP, SAE BASE, RH"
1077391-00-F,"LAMP ASY, FASCIA LAMP, SAE UP-LEVEL, LH"
1077392-00-F,"LAMP ASY, FASCIA LAMP, SAE UP-LEVEL, RH"
1077397-00-H,"LAMP ASY, REAR BODYSIDE SAE, LH"
1077398-00-H,"LAMP ASY, REAR BODYSIDE SAE, RH"
1077401-00-G,"LAMP ASY, LIFTGATE REVERSE, LH"
1077402-00-G,"LAMP ASY, LIFTGATE SAE, RH"
1077406-00-F,"LAMP ASY, REAR REFLEX, LH"
1077407-00-F,"LAMP ASY, REAR REFLEX, RH"
1077576-00-F,"TUBE (BATT), FRONT MANIFOLD, RIGHT, M3"
1077577-00-C,"TUBE (BATT), FRONT MANIFOLD, LEFT, M3"
1077904-99-C,M3S RR LH MOVING GLASS
1077958-S0-A,"M3 ASY, REAR PANEL COMP"
1077958-S0-B,"ASY, REAR PANEL COMP"
1078112-S0-F,MY ASY-FR SUBFRM MNT REAR RH SVC E-COAT
1079764-00-C,"ASY, LH NEW C-PILLAR LOWER BRACKET, MX"
1080474-S0-F,"ASY, SHOTGUN TOWER, RH"
1080681-01-I,M3 FRONT DOOR OTR BELT ASSY LH BLK
1080684-00-H,M3S FRONT DOOR OUTER BELT ASSY RH
1080745-01-J,M3 REAR DOOR OTR BELT ASSY LH BLK
1080748-00-I,M3S REAR DOOR OUTER BELT ASSY RH
1080748-01-J,M3 REAR DOOR OTR BELT ASSY RH BLK
1081390-E0-C,"ASSEMBLY, HOOD, MODEL 3"
1081400-E0-D,"FENDER ASSY, RH, MODEL 3, E-COATED"
1081401-E0-D,"FENDER ASSY, LH, MODEL 3, E-COATED"
1081420-E0-C,"FR DOOR ASSY, RH, MODEL 3, ECOAT"
1081421-E0-C,"FR DOOR ASSY, LH, MODEL 3, ECOAT"
1081440-E0-C,"RR DOOR ASSY, RH, MODEL 3, ECOAT"
1081441-E0-C,"RR DOOR ASSY, LH, MODEL 3, ECOAT"
1081460-E0-D,"TRUNK ASSY, MODEL 3"
1081581-00-D,"WHEEL LINER,FR LH,M3"
1081581-00-E,1081581-00-E
1081582-00-D,"WHEEL LINER,FR RH,M3"
1081582-00-E,"WHEEL LINER, FR RH, M3"
1081583-00-C,"ASY WHEEL LINER, RR LH, M3"
1081583-00-D,"ASY WHEEL LINER, RR LH, M3"
1081584-00-C,"ASY WHEEL LINER, RR RH, M3"
1081584-00-D,"ASY WHEEL LINER, RR RH, M3"
1081675-00-E,"ASY - M3 REAR APRON, LHD"
1081676-00-H,ASY - M3 COWL SCREEN
1083001-00-G,"M3, LOAD FLOOR"
1083401-05-M,"M3, IP, SUB ASY, BASE EU"
1083414-00-B,"NOISE ABSORBER, RR MOTOR BAY, M3"
1083562-S0-A,M3 Brkt-Rr Rail to Bumper Plate
1083562-S0-B,"BRACKET, REAR RAIL TO BUMPER PLATE"
1083983-00-H,"Model 3, Rr Fascia, Upper"
1083988-00-K,M3 Rr Wing Bracket Assy LH
1083989-00-K,M3 Rr Wing Bracket Assy RH
1083992-00-F,"MODEL 3, TAIL LAMP BRKT, LH"
1083993-00-F,"MODEL 3, TAIL LAMP BRKT, RH"
1084168-S0-E,M3 FR FASCIA SVC
1084168-S0-F,FRONT FASCIA UNPAINTED SVC
1084169-00-B,"REINF - FASCIA FRT CTR UPR TO FEM LH, M3"
1084170-00-B,"REINF - FASCIA FRT CTR UPR TO FEM RH, M3"
1084171-00-F,"BRKT ASM - FASCIA FRT CTR FDR LH, M3"
1084172-00-F,"BRKT ASM - FASCIA FRT CTR TO FDR RH, M3"
1084173-00-E,"COVER - TOW HOOK FRT FASCIA, M3"
1084174-00-D,"LWR VALANCE ASM, FRT FASCIA (w/PWS), M3"
1084181-00-E,"BRACKET - FASCIA SIDE TO FDR LH, M3"
1084182-00-E,"BRACKET - FASCIA SIDE TO FDR RH, M3"
1084894-00-B,"ASY, ANKLE CATCHER, M3"
1085927-01-D,"GRILLE LWR - FRT FASCIA, M3 (NA)"
1086016-S0-A,M3 ASSY FR FENDER SUPPORT RH
1086017-S0-A,M3 ASSY FR FENDER SUPPORT LH
1086315-00-G,"M3, TRUNK SILL TRIM, ASY"
1088148-00-F,M3S ASY - CRUSH CAN LH
1088149-00-F,M3S ASY - CRUSH CAN RH
1088436-00-A,"S1 PA RETAINER, FRT FASCIA, M3"
1088440-00-A,"S5 PA RETAINER, FRT FASCIA, M3"
1088442-00-A,"S7 PA RETAINER, RR FASCIA, M3"
1088467-00-A,"PUSH-PULL RIVET,6.1x2.5-4,PA6"
1088738-01-I,SUNVISOR ASSY LH PROVI NORTH AMERICA
1089308-01-D,"ECOAT,SKID PLATE,REAR,ENCLOSURE,MDL3"
1089363-00-C,"SVC WHEEL, 22x9.0 ET35 TURBINE"
1089366-00-C,"SVC WHEEL,22x10.0 ET35 TURBNE ARMR BLK"
1089586-00-C,M3 HOOD STRUT BRACKET RH
1089586-99-C,RWK M3 HOOD STRUT BRACKET RH
1089587-00-C,M3 HOOD STRUT BRACKET LH
1089673-S0-A,"M3 BRKT - FENDER FRT INR, LH"
1089674-S0-A,M3 BRKT - FENDER FRT INR RH
1089828-00-E,M3 BASE ROCKER LOWER COVER ASSY LH
1089829-00-E,M3 BASE ROCKER LOWER COVER ASSY RH
1090322-01-C,"M3Y SEAT BELT LAP PRETENSIONER, LH"
1090323-01-D,"M3Y 1R SEAT BELT BUCKLE, BLK"
1090324-01-C,"M3Y SEAT BELT LAP PRETENSIONER, RH"
1090493-00-E,"M3, Seal, Front, DOOR,SECONDARY, LH"
1090494-00-E,"M3, SEAL, FRONT, DOOR,SECONDARY, RH"
1090508-00-E,"M3, SEAL, REAR, DOOR,SECONDARY, RH"
1090509-00-E,"M3, SEAL, REAR, DOOR,SECONDARY, LH"
1090636-98-A,"ASY, FALCON DOOR CANTRAIL SEAL, LH"
1091069-00-E,"M3, Seals, Trunk, Decklid"
1091472-00-B,M3 HOOD STRUT
1091870-00-B,HOOD STRUT REINF
1091879-S0-A,"MX FRONT FASCIA 2.0 ASSY, SVC"
1091939-99-B,M6 x 60 mm SPACER
1091986-00-B,"MS Brkt Assy, Rr Wing LH"
1091987-00-C,"MS Brkt Assy, Rr Wing RH"
1092277-00-B,"D-CUT WSHR,BELL,M8,18,2.0,STL,ZNFLAKE"
1092290-00-D,"EXTERIOR MIRROR SKULL CAP, MODEL 3, LH"
1092292-00-D,"EXTERIOR MIRROR SKULL CAP, MODEL 3, RH"
1092308-00-E,TRUNK LATCH
1092309-00-B,TRUNK STRIKER
1092311-98-F,APPLIQUE MX B PLR LH ASSY
1092696-00-B,Apron Trim Clip 10X2.5
1092820-T4-C,M3S TRUNK HINGE LH
1092821-00-E,M3S TRUNK HINGE RH
1094996-00-B,MX FALCON DR FRT APPLIQUE ASSY AP-HW2 LH
1095495-00-A,"MS BRKT - FENDER - FR FASCIA, LH"
1095496-00-A,"MS BRKT - FENDER - FR FASCIA, RH"
1095793-00-B,MX2 FASCIA FENDER BRKT LH
1095794-00-B,MX2 FASCIA FENDER BRKT RH
1095949-00-E,M3 TRUNK HANDLE
1096829-00-G,M3 FR LICENSE PLATE BRACKET NA ASSY
1096844-00-B,M3 RR LICENSE PLATE NA ASSY
1097465-00-A,MX PARK ASSIST RETAINER S2
1097855-00-H,"ASY, REAR BLE"
1098383-00-G,"ASY, SECURITY CAMERA, M3/MY"
1098416-00-A,ACTUATOR LINEAR HR RELEASE
1098437-00-B,ACTUATOR RECLINER MDL X 3R
1098683-00-D,FR LH OUTER BELT TRIM ASSY MX
1098683-01-D,FR LH OUTER BELT TRIM ASSY MX BLK
1098684-01-D,FR RH OUTER BELT TRIM ASSY MX BLK
1098685-01-D,RR LH OUTER BELT TRIM ASSY MX BLK
1098751-00-C,"AIR EXTRACTOR, M3"
1098792-00-D,"M3 HOOD HINGE ASY, LH"
1098793-00-D,"M3 HOOD HINGE ASY, RH"
1099231-S0-C,M3 ASY-RR AEROSHIELD RR BRKT SVC
1099583-00-C,M3 2R CUSHION CLIP NIFCO 22431
1100020-00-A,"BOLT,TRX,FLG,M6-1.0X23[8.8]-MP"
1100297-00-D,"VALEO APP USS, RADIAL, UNPAINTED NO DCR"
1100299-S0-A,"ASY- EXT HANDLE, LH, GEN3, NO GRIP, SVC"
1100382-S0-B,"BRACKET, FENDER AND LAMP SUPPORT, LH"
1100383-S0-B,"BRACKET, FENDER AND LAMP SUPPORT, RH"
1101809-S0-E,M3 ASY - RR RAIL GLOVE LOWER
1102255-S0-F,MY M3S CHG PRT LWER BRAKT ASY SVC E-COTD
1102256-S0-A,M3S BIW REAR FASCIA BRKT ASSY LH
1102259-S0-A,M3S BIW FASCIA ATTACHMENT BRKT ASSY RH
1103035-00-D,"Model 3, Rr Fascia, Lower, Assy"
1103456-S0-G,M3 ASY  SHOTGUN SHEAR WALL LH
1103456-S0-H,"ASY, SHOTGUN SHEAR WALL - LEFT HAND"
1103457-S0-H,"ASY, SHOTGUN SHEAR WALL - RIGHT HAND"
1103760-00-C,FEM RADAR BRKT
1104199-S0-A,"M3 ASY, EXTN W/H OUTER LH"
1104200-S0-A,"M3 ASY, EXTN W/H OUTER RH"
1104335-00-B,"GROMMET,8x0.5-0.9 GRIP,RUBBER,4WAY"
1104540-00-B,"Bracket - Frt Whlhse Lnr Stiffnr LH, M3"
1104541-00-B,"Bracket - Frt Whlhse Lnr Stiffnr RH, M3"
1104667-00-F,"M3S ASY, FR BUMPER BEAM - EXTRUSION"
1104667-00-K,"M3S ASY, FR BUMPER BEAM - EXTRUSION"
1104667-99-J,"DEV M3S ASY, FR BUMPER BEAM - EXTRUSION"
1104669-00-F,M3S BUMPER BEAM FOAM
1104926-00-B,"GROMMET,8.2x12.2,1.3 GRIP,2WAY"
1104972-00-A,"SCR, 4.8x19 HH, SELF-DRILL,STL,ZNNI,BLK"
1105120-00-E,"ASY, B PILLAR PLASTIC RACETRACK, LH, MX"
1105126-00-E,"ASY, C PILLAR PLASTIC RACETRACK, LH, MX"
1105138-80-E,"ASY, SILL PLASTIC RACETRACK, LH, MX"
1105145-00-C,"ASY, REAR SILL, LH, MX"
1105171-00-D,"M3, Seal, Rear, DOOR, PLUG"
1105964-00-E,MX WSHLD ASSY HW2.0 LHD HWA K4D-3 WEDGE
1106610-00-A,"COVER, WIPER ARM NUT"
1106827-00-C,"GROM,GROMMET,22x8,4x7,0.8-1 GRIP,PA66"
1108147-S0-A,"M3 ASY, RR W/H OUTER COMPLETE LH"
1108148-S0-A,"M3 ASY, RR W/H OUTER RH"
1108157-00-G,GLASS ASM - FR DOOR QTR LH - MX
1108158-00-D,GLASS ASM - FR DOOR QTR RH - MX
1108557-00-A,"OUTPUT AXLE SEAL, 3DU, 40 X 67"
1108647-00-H,"RADAR, SEVEN PIN PERPENDICULAR"
1108648-00-E,"BRACKET, MODEL3 RADAR Y160"
1108905-S0-A,M3 RR FASCIA SVC
1109193-00-C,"CRUSH CAN ASSY, FR SUBF"
1109253-00-J,LHD-ASY M3 B PILLAR APPLIQUE LH
1109255-00-J,LHD-ASY M3 B PILLAR APPLIQUE RH
1109263-00-B,"NUT&WSHR[SW],M14x1.5,[10],ZNFL,PTP"
1110167-00-A,"TRIM CLIP, SEAL, 21x6 SLOT, .65-1.2, STL"
1110240-00-B,"COMP, FR END CARRIER, M3"
1110705-00-A,"BOLT,FC,M8-1.25x27,[109],G1009[B],MAT"
1110777-00-L,"Ext Mirror Assy, Prem, Dom, LH M3"
1110778-00-L,"Ext Mirror Assy, Prem, Domestic, RH M3"
1111145-00-A,"NUT,HF,M10-1.5,[10],ZNNI,PTP"
1111425-00-D,"STOP,LIFTGATE"
1111522-00-A,"BOLT,HF,M14-2.0x95,[109],ZNFL,SMAT"
1111545-00-A,"NUT,HF,M12x1.75,[10],ZNNI,PTM"
1111671-00-A,"MX, FR DR CLOSE OUT PANEL, LH"
1111787-00-A,"M3, BACKLIGHT, UPPER PERIMETER SEAL, RC"
1111788-00-B,"M3, BACKLIGHT, TRUNK FLIP SEAL"
1112071-00-A,Cover - LH Hood Hinge
1112071-00-B,Cover - LH Hood Hinge
1112072-00-B,Cover - RH Hood Hinge
1112572-00-A,"PUSH PULL RIVET, 3x7.5-8.5 GRIP, PA6"
1115332-00-C,"MX, FR DR E RELEASE ACTUATOR, LH"
1115453-00-B,"SCREW,PF,40x12,SHLDR[4x1.4],STL,ZNNI"
1115558-00-A,"NUT&WSHR[SW],M24, STL[8],ZNFL,SERR"
1116498-00-C,"SCR GROMMET,5,7x7H-0.65-1.5 GRP,PA6,SEAL"
1117701-00-A,"TRIM CLIP,8.5MM,0.7-1.6,RING,SEAL,POM"
1117931-00-A,"BOLT,HF,M10-1.5x30,[109],ZN,MAT"
1118637-00-F,PRIMARY SEAL LH (PLASTIC RACETRACK) MX
1118842-80-D,"ASY, RTRACK SILL STRIKER INSERT, LH, MX"
1118933-00-B,M3 Cowl Screen Carrier Bracket LH
1118933-00-C,M3 Cowl Screen Carrier Bracket LH
1118934-00-C,M3 Cowl Screen Carrier Bracket RH
1120960-10-H,"ASY,3DUF,IGBT"
1121053-S0-A,"M3 Extn-Rail to Rr Qtr Lwr,LH"
1121054-S0-A,"M3 Extn-Rail to Rr Qtr Lwr,RH"
1121191-00-E,"M3, Brkt, Rr Center, Assy"
1125147-00-A,"EDGE CLIP,6x1.5-3 GRIP,POM,WHT"
1126199-00-B,"MX, FR DR LATCH SVC, LH"
1127339-00-C,"MX RR DR LATCH ACTUATOR SHROUD ASSY, LH"
1127502-01-D,"USS APP RADIAL, DCR, ASSY, BLACK SOLID"
1127502-08-C,"USS APP RADIAL, DCR, ASSY, SUNSET RED"
1127502-11-D,"USS APP RADIAL, DCR, ASSY, PEARL WHITE"
1127502-12-C,"USS APP RADIAL, DCR, ASSY, MIDNIGHT SILV"
1127502-13-D,"USS APP RADIAL, DCR, ASSY, DEEP BLUE"
1127503-01-D,"USS UPA RADIAL, DCR, ASSY, BLACK SOLID"
1127503-08-C,"USS UPA RADIAL, DCR, ASSY, SUNSET RED"
1127503-11-D,"USS UPA RADIAL, DCR, ASSY, PEARL WHITE"
1127503-12-C,"USS UPA RADIAL, DCR, ASSY, MIDNIGHT SILV"
1127503-13-D,"USS UPA RADIAL, DCR, ASSY, DEEP BLUE"
1127504-13-D,"USS UPA AXIAL, DCR, ASSY, DEEP BLUE"
1128871-00-G,FR UPPER BRIGHT SYSTEM LH - MX
1128871-01-I,FR UPPER BRIGHT ASSY LH MX SRA BK
1130599-00-A,ADHESIVE FOIL PATCH - 50.8 X 50.8 x .06
1130656-00-G,"Ext Mirror, A Pillar Applique, RH M3"
1130701-00-A,"BOLT,HF,M10-1.5x87,STL[109],ZNFL,SMAT"
1130993-00-C,"M3, VISOR CHECK BASE"
1130994-00-A,"M3, VISOR CHECK COVER"
1135014-00-A,"BOLT, HF, M10x1.5x75.75, STL[109], ZN"
1135178-00-A,"FSC SPRT, GRMT, SUB, HW2.5 RADAR BRKT"
1135410-00-A,"Model 3, Rr Fascia, Diffuser"
1135412-00-A,"Model 3, Rr Fascia, Cover, Tow"
1135725-S0-A,"ASY- FR RH, GEN3 DH, NOGRIP, 2.1 SVC RPL"
1139886-00-A,MX LH C-PLR Tape (H-Old 8000)
1139887-00-A,MX RH C-PLR Tape (H-Old 8000)
1188119-00-B,"HALFSHAFT ASSY, FR, 25MM x 565MM SHAFT"
1188233-00-A,20 INCH INDUCTION LUG NUT COVER
1188311-00-E,"FR KNUCKLE, LH"
1188316-00-E,"FR KNUCKLE, RH"
1188341-00-C,FRONT LOWER LATERAL LINK ASSEMBLY
1188368-00-H,"DAMPER ASSY FR RH,COIL E3 DM"
1188383-00-A,FR STABAR BUSH BRKT
1188391-00-B,"FR STAB LINK ASSY 1PC STUD, LH"
1188396-00-B,"FR STAB LINK ASSY 1PC STUD, RH"
1188416-00-G,RR KNUCKLE ASSY RH
1188423-00-A,"RR UPR AFT LINK ASSY, 25X19"
1188427-00-B,"RR UPR FORE LINK ASSY, CLRC"
1188431-00-A,RR TOE LINK ASSY
1188463-00-E,RR DAMPER ASSY - COIL DM
1188712-00-C,"PIPE ASSY, FR 4-TUBE BRAKE LINES"
1188722-00-B,"HOSE ASSY RH,FR BRAKE"
1188761-00-A,"WHEEL SPEED SENSOR, FRONT, MODEL Y"
1188771-00-A,"WHEEL SPEED SENSOR, REAR, MODEL Y"
1234221-00-C,"SVC WHEEL, 18X8.5J ET40, AERO"
1234261-00-A,"WHEEL, 18X8.5J ET40, PINWHEEL REFRESH"
1288386-00-A,"FR STABAR ASSY, 31MM x 4.7MM"
1299965-00-A,PEDESTRIAN WARNING SPEAKER
1420341-00-C,"FORE LINK ASSY, LH"
1420346-00-C,"FORE LINK ASSY, RH"
1446114-00-B,"BOLT,HF,M10x130,STL[109],ZNFL,MAT"
1447449-00-A,"PLUG,FLUSH,25,TPV,BLK"
1453375-00-A,M3 SAE Headlamp Fascia Bracket (LH)
1453376-00-A,M3 SAE Headlamp Fascia Bracket (RH)
1453381-00-A,M3 Bodyside Lamp T-stud Gasket
1453382-00-A,M3 Bodyside Lamp Connector Gasket
1453383-00-A,M3 Liftgate Lamp Double-ended Stud Gasket
1453384-00-A,M3 Liftgate Lamp Connector Gasket
1453796-00-A,"BOLT,PN,PZ,M5-0.8x6,[88],G1009[B]"
1459235-00-F,SEAL-FRONT DOOR PRIMARY LH MX
1460668-00-A,"NUT,HF,M8-1.25,[10],G0110[B]"
1462927-00-C,"LBL,BLANK MFG CERTIFICATION"
1462944-00-A,MODEL 3 SERVICE KIT - HVAC SENSOR
1463441-00-A,"LBL,AIR BAG WARNING"
1466270-S0-G,WSHLD ASSY LHD IR ACOUSTIC NO THS
1466270-S0-J,M3 WSHLD ASSY LHD IR ACOUSTIC
1466720-00-A,MX Front Door Patch Replacement Kit
1470963-00-B,"M3, Trunk LD FLR SPPRT BRACKET,RH"
1470967-00-B,M3 TRUNK LD FLR SPPRT BRACKET LH
1472044-00-A,INNER BELT SEAL FRONT LH ASSEMBLY
1472045-00-B,INNER BELT SEAL FRONT RH ASSEMBLY
1472872-00-C,"M3 FRUNK-FENDER CLIP, ASY"
1472925-00-E,"M3, BACKLITE, TSA5+, HORIZONTAL GRID"
1472925-99-C,"M3, BACKLITE, TSA5+, 2.1mm OUTER"
1473202-00-A,"STUD GROMMET,9.8x0.85-6,POM"
1473351-00-B,"MX, LH, FALCON DOOR LOWER, GAP HIDER"
1479703-00-A,"M3, TRUNK CARPET REAR, END ITEM"
1483693-00-A,SEAL-INNER BELT REAR LH
1483697-00-B,"REAR DOOR NVH SEAL,UPR,LH"
1484848-00-A,Dual Motor Badge
1484848-00-B,Dual Motor Badge
1484849-00-B,Dual Motor Performance Badge
1486286-00-A,19 INCH TEMPEST CAP
1486286-01-A,"19 INCH TEMPEST CAP, DARK"
1486943-00-A,Horn Assembly US
1487428-S0-A,"MY PNL, BSO Front CAP, RH SVC E-COATED"
1487429-S0-C,FENDER BRACKET LEFT HAND
1487430-S0-C,FENDER BRACKET RIGHT HAND
1487443-S0-A,MY BIW FNDR LWR BRKT ASY LH SVC E-COAT
1487444-S0-A,MY BIW FNDR LWR BRKT ASY RH SVC E-COAT
1487461-00-C,ASY - CRUSH CAN LH
1487462-00-C,ASY - CRUSH CAN RH
1487484-S0-D,MY ASSY - SHOTGUN OTR RH SVC E-COATED
1487601-00-F,ASY - FR BUMPER BEAM
1487605-00-A,FR BUMPER BEAM FOAM
1487616-00-A,ASY - RR BUMPER BEAM
1487616-00-C,ASY - RR BUMPER BEAM
1487622-00-B,SEAL-LOWER NVH EXTRUSION
1487696-S0-A,MY BRKT - LWR FENDER INR RH SVC E-COATED
1487742-00-K,Asy-Rear Panel
1487839-S0-D,"Asy,Rear Panel Side,LH"
1487840-S0-D,"Asy,Rear Panel Side,RH"
1489045-00-C,"ASY,HARN,FR FASCIA,MY,FASCIA LAMPS"
1489045-04-D,"ASY,HARN,FR FASCIA,MY,W/LAMPS"
1489046-00-C,"ASY,HARN,RR FASCIA,MY"
1489055-02-D,"ASY,HARN,LIFTGATE,PREM,MY,GBL TL,RADIO"
1490374-10-E,"CHARGEPORT, NA,CP,M3/Y"
1490701-00-C,"TPMS Wheel Unit, BLE, Silver"
1490701-01-C,"TPMS Wheel Unit, BLE, Black"
1490750-01-C,"TPMS Wheel Unit, BLE, Black, with Nut"
1492603-00-D,"MODEL Y, COWL SCREEN ASY"
1492606-TX-E,"ASY, FRUNK, MODEL Y"
1492613-00-C,"WHEEL LINER, FR LH, MY"
1492614-00-C,"WHEEL LINER, FR RH, MY"
1492616-00-A,"WHEEL LINER, RR RH, MY"
1492945-00-C,"END ITEM, TRUNK TUB, MODEL Y"
1492949-00-B,"END ITEM, TRUNK LOAD FLOOR, REAR, MY"
1492953-00-C,"END ITEM, LOAD FLOOR BRACKET LH, MODEL Y"
1492954-00-C,"END ITEM, TRUNK POCKET BRACKET LH, MY"
1492955-00-B,"END ITEM, LOAD FLOOR BRACKET RH, MODEL Y"
1492956-00-C,"END ITEM,TRUNK POCKET BRACKET RH,MODEL Y"
1492991-00-D,"END ITEM, WHEELHOUSE INSULATOR LH RR, MY"
1492998-00-D,"END ITEM, WHEELHOUSE INSULATOR RR RH, MY"
1493076-98-B,"END ITEM, TRUNK SIDE TRIM LH, MODEL Y"
1493079-98-B,"END ITEM, TRUNK SIDE TRIM RH, MODEL Y"
1493090-00-A,"MY FR LICENSE PLATE BRACKET ASSY, NA"
1493318-00-A,"PUSH-PULL RIV,10x3.5-6,POM"
1493370-E0-A,MY HOOD ASY COMP SVC E-COATED
1493410-ET-A,MY LIFTGATE SVC E-COATED
1493451-E0-B,"MY FENDER ASSEMBLY, LH SVC E-COATED"
1493452-E0-B,"MY FENDER ASSEMBLY, RH SVC E-COATED"
1493561-ET-A,MY RR DOOR LEFT HAND SVC E-COATED
1493562-E0-A,MY RR DOOR RH SVC E-COATED
1493636-00-A,"MODEL Y, REAR SUSPENSION AERO COVER, RH"
1493735-S0-A,"MY REAR FASCIA SVC, UNPAINTED"
1493735-S0-C,"REAR FASCIA SVC, UNPAINTED"
1493736-S0-A,"MY FRONT FASCIA SVC, UNPAINTED"
1493736-S0-C,"MY FRONT FASCIA SVC, UNPAINTED"
1493753-00-A,"Brkt - PA Sensor S1, MY"
1493759-00-A,"Grille - Frt Fascia, MY"
1493770-00-B,"BRKT, FASCIA SIDE TO FDR LH, MY"
1493771-00-B,"BRKT, FASCIA SIDE TO FDR RH, MY"
1493772-00-B,"BRKT - FASCIA FRT CTR FDR LH, MY"
1493773-00-B,"BRKT - FASCIA FRT CTR FDR RH, MY"
1493782-01-C,"MY 1R RETRACTOR ASSY, LH, NA, BLK"
1493783-01-C,"MY 1R RETRACTOR ASSY, RH, NA, BLK"
1493996-00-B,"COOLING FAN HARDWARE, MY"
1494006-00-B,"MODEL Y, REAR FASCIA, LOWER"
1494006-00-C,"MODEL Y, REAR FASCIA, LOWER"
1494007-00-B,"MODEL Y, REAR FASCIA, DIFFUSER"
1494009-00-B,"MODEL Y, REAR FASCIA, LOWER, TOW COVER"
1494009-00-C,"MODEL Y, REAR FASCIA, LOWER, TOW COVER"
1494043-00-A,"MODEL Y, RR WING BRKT, ASSY, LH"
1494044-00-A,"MODEL Y, RR WING BRKT, ASSY, RH"
1494045-00-E,"MODEL Y, CENTER BRKT, ASSY"
1494086-00-B,"ASY, ACCESS PANEL, MODEL Y"
1494088-00-C,"ASY, HOOD BAFFLE, MODEL Y"
1494159-00-C,"MY ACTIVE GRILLE SHUTTER ASSY, NA"
1494175-00-B,"RADIATOR ASY, COOLING FAN MODULE"
1494179-00-B,COOLING FAN AND SHROUD SERVICE ASSEMBLY
1494185-00-C,"ASSY, FENDER GARNISH, FT LH, MY NA"
1494186-00-C,"ASSY, FENDER GARNISH, FT RH, MY NA"
1494187-00-C,"ASSY, FENDER GARNISH, RR LH, MY NA"
1494188-00-C,"ASSY, FENDER GARNISH, RR RH, MY NA"
1494301-00-A,"SILL PLATE, MY"
1494301-00-B,"SILL PLATE, MY"
1494426-00-A,"COVER, TOW HOOK, REAR FASCIA, MODEL Y"
1494441-00-B,"MY, RV MIRROR, EC"
1494605-00-E,"MY, A PILLAR UPPER TRIM, ASY, RH"
1494613-79-B,"MY, C PILLAR 2R SEATBELT BEZEL, ASY, RH"
1494631-00-C,"MY, TRUNK SILL LOWER TRIM, ASY"
1494632-00-C,"MY, LIFTGATE UPPER TRIM, ASY"
1494949-00-A,M3/MY Front T-Badge
1494949-00-A,M3 Front T-Badge
1494950-00-A,M3 Rear T-Badge
1495093-00-B,"UPPER LEG SUPPORT, MY"
1495093-00-C,"UPPER LEG SUPPORT, MY"
1495245-00-C,"COMP, FR END CARRIER, MY"
1495506-00-B,RR LH NAKED GLASS
1495593-00-A,"SKULL CAP, EXT.MIRROR, LH MY"
1495632-00-B,"A-PLR APPLIQUE, EXT.MIRROR LH MY"
1495633-00-B,"A-PLR APPLIQUE, EXT.MIRROR RH MY"
1495710-00-D,MY FRONT DOOR OUTER BELT ASSY LH
1495710-00-F,MY FRONT DOOR OUTER BELT ASSY LH
1495711-00-D,MY FRONT DOOR OUTER BELT ASSY RH
1495720-00-E,MY REAR DOOR OUTER BELT ASSY LH
1495730-00-A,MY UPPER BRIGHT TRIM CAP LH
1495731-00-A,MY UPPER BRIGHT TRIM CAP RH
1495740-00-H,MY REAR QTR GLASS ASSY LH
1495817-00-C,"LAMP ASY, REAR REFLEX, LH"
1495818-00-C,"LAMP ASY, REAR REFLEX, RH"
1495864-20-D,"LAMP ASY, SIDE REPEATER CAMERA, LH"
1495864-20-E,"LAMP ASY, SIDE REPEATER CAMERA, LH"
1495865-20-D,"LAMP ASY, SIDE REPEATER CAMERA, RH"
1495865-20-E,"LAMP ASY, SIDE REPEATER CAMERA, RH"
1495866-22-C,"LAMP ASY, SIDE REPEATER CAMERA, LH"
1495867-22-C,"LAMP ASY, SIDE REPEATER CAMERA, RH"
1496267-00-C,"MY HOOD HINGE, LH"
1496268-00-C,"MY HOOD HINGE, RH"
1496499-00-B,"ASY, DOOR SILL TRIM PANEL, LH, FRONT"
1497496-00-C,MY FR HINGE RH
1497498-00-C,MY RR UPR HINGE RH
1497499-00-C,MY RR LWR HINGE RH
1497672-00-A,"Model Y, SEAL, FRUNK"
1497673-99-E,"PRIMARY SEAL, BODY, FRONT, LH, MY"
1497676-00-D,"PRIMARY SEAL, BODY, REAR, RH, MY"
1497677-00-C,"HEADER SEAL, LH, MY"
1497678-99-A,"HEADER SEAL, RH, MY"
1497681-00-B,"LIFTGATE SEAL, MY"
1497740-00-B,"MODEL Y, ROCKER COVER LH, ASY"
1497740-00-C,"MODEL Y, ROCKER COVER LH, ASY"
1497744-00-B,"MODEL Y, ROCKER COVER RH, ASY"
1497744-00-C,"MODEL Y, ROCKER COVER RH, ASY"
1497745-00-C,"MODEL Y, ROCKER CARRIER RH, ASY"
1498205-88-B,"END ITEM, DOOR TRIM TWTR, FR, MY"
1498771-00-E,"MODEL 3/Y, REAR AERO SHIELD"
1499060-00-A,MY WSHLD EDGE SEAL
1499151-00-C,"MODEL 3/Y, FRONT AERO SHIELD"
1500058-00-B,"SECONDARY SEAL, FRONT DOOR, LH, MY"
1500059-00-B,"SECONDARY SEAL, FRONT DOOR, RH, MY"
1500060-00-B,"SECONDARY SEAL, REAR DOOR, LH, MY"
1500061-00-B,"SECONDARY SEAL, REAR DOOR, RH, MY"
1500063-00-F,"INNER BELT SEAL ASY, FRONT DOOR, RH, MY"
1500065-00-D,"INNER BELT SEAL ASY, REAR DOOR, RH, MY"
1500067-00-B,"GLASS RUN SEAL, FRONT DOOR, RH, MY"
1500397-00-E,HOOD LATCH DOUBLE PULL SINGLE ACTUATOR
1500398-00-H,"ACTUATOR AND CABLE ASSEMBLY, HOOD LATCH"
1500494-00-C,Liftgate hinge assembly LH
1500495-00-C,Liftgate hinge assembly RH
1500496-00-B,Liftgate bump stop
1500601-00-B,Liftgate power strut LH
1500602-00-A,Liftgate assist strut RH
1500603-00-A,MY liftgate striker
1500604-00-B,Liftgate cinch latch M3Y
1500682-00-B,MY FR CHECK STRAP
1500684-00-B,MY RR CHECK STRAP
1501095-00-C,MX FD DRIVE UNIT LH
1501254-00-B,"BALL STUD&WSHR,M8x25,[109],ZNNI[B],MAT"
1501293-00-C,"HOSE, CHILLER TO BATT, LHD"
1501334-00-C,"HOSE, HV BATT RETURN"
1501430-00-A,"MODEL Y, REAR FASCIA S9 PA RETAINER"
1501431-00-A,"MODEL Y, REAR FASCIA S10 PA RETAINER"
1501462-E0-A,MY FR DOOR RH SVC E-COATED
1501462-ET-A,MY FR DOOR RH SVC E-COATED
1501907-00-C,MY/M3 LIFTGATE SWITCH
1502086-00-D,"LAMP ASY, BODYSIDE GLOBAL, LH"
1502087-00-D,"LAMP ASY, BODYSIDE GLOBAL, RH"
1502088-00-B,"LAMP ASY, LIFTGATE GLOBAL, LH"
1502089-00-B,"LAMP ASY, LIFTGATE GLOBAL, RH"
1504589-S0-A,MY ASY - FEM BRKT LH SVC E-COATED
1504590-S0-A,MY ASY - FEM BRKT RH SVC E-COATED
1504721-00-C,"HOSE, POWERTRAIN SUPPLY"
1504722-00-C,"HOSE, FDU INVERTER TO OIL COOLER"
1504763-00-A,M3 SILL PLATE IML
1504763-00-C,"M3 SILL PLATE IML, Dark Satin"
1504932-00-A,"ASY KIT, M3, NVH COWL TRIM, LHD"
1505433-00-A,"ASY, ANKLE CATCHER, MY"
1505433-00-B,"ASY, ANKLE CATCHER, MY"
1505460-ET-A,MY FR DOOR LEFT HAND SVC E-COATED
1505547-00-A,"HOOD STRUT, MY"
1505712-00-B,"HOOD STRIKER, 40mm FLAT"
1506037-00-F,"MS-P2 WINDOW REGULATOR, FD LH"
1506637-S0-A,LH RR RAIL GLOVE UPPER
1506638-S0-A,M3 ASY - RH RR RAIL GLOVE UPPER
1506885-00-H,"ASY - B-PILLAR APPLIQUE - LH, MY"
1506968-00-D,"MODEL Y, TL BRKT, ASSY, LH"
1506969-00-D,"MODEL Y, TL BRKT, ASSY, RH"
1506969-00-E,"MODEL Y, TL BRKT, ASSY, RH"
1507154-00-D,"SUBWOOFER ASSEMBLY, MY"
1507242-00-B,HORN ASSEMBLY MY
1507355-00-A,"PLUG,FLUSH,26X26,TPV,BLK"
1507940-00-C,"CHUCK BLOCK - MY, LH"
1507942-00-C,"CHUCK BLOCK - MY, RH"
1508072-00-C,"INSRT-HX,C'BORE,M22+M14,[109],G1009,T01"
1508179-00-E,"ASSY, REAR BLE, MY"
1508642-S0-C,"Bento Box, Right Hand"
1508656-99-E,LOWER TRUNK ASSEMBLY
1508732-00-A,"BOLT,HF,M8-1.25x22,[98],G0110,MAT"
1509023-S0-E,MY LAMP CAN ASSY LH SVC E-COATED
1509024-S0-E,MY LAMP CAN ASSY RH SVC E-COATED
1509126-00-G,"MODEL Y, BACKLIGHT ASSEMBLY"
1509131-00-E,"MODEL Y, ROOF GLASS, TSA5+, ASSEMBLY"
1509215-00-A,"MODEL Y, ROOF GLASS, FRONT LOCATOR PIN"
1509216-00-A,"BALL STUD&WASHER,M8X19,[1009],G0109,CMAT"
1509217-00-A,"MODEL Y, ROOF GLASS, REAR LOCATOR PIN"
1509218-00-A,"MODEL Y, ROOF GLASS, REAR EDGE SPACERS"
1510098-S0-A,MY BSO REAR EXT LWR SVC E-COATED
1511000-S0-A,MY ASY- BODY SIDE OUTER LH SVC E-COATED
1512000-S0-A,MY ASY- BODY SIDE OUTER RH SVC E-COATED
1514448-00-H,"ASSY, TRIPLE CAMERA, RVM, MY"
1514466-00-A,"LWR GRILLE FEM BRKT, MY"
1514877-00-C,SIDE REPEAT TRIM-CARBON BLK AERO RIB LH
1514877-01-C,"SIDE REPEATER TRIM - CHROME AERO RIB, LH"
1514878-00-C,SIDE REPEAT TRIM-CARBON BLK AERO RIB RH
1514878-01-C,"SIDE REPEATER TRIM - CHROME AERO RIB, RH"
1514952-00-D,"HD/LP ASY, GLOBAL, LH"
1514953-00-D,"HD/LP ASY, GLOBAL, RH"
1515037-00-B,"MY, SENSOR-RELATIVE HUMIDITY AND TEMP"
1515051-00-B,"SBOLT[9x13],FL,7/16x10,10],G0109[B],A02"
1517085-02-E,"WC, TESLA, NA, PACKAGED, 24FT"
1518499-01-A,"NUT, BLACK VALVE, TESLA TPMS"
1518783-00-B,"ASY,REFLEX,RHS,GEN3,MY"
1521164-00-A,"MODEL Y, ROOF GLASS, SIDE EDGE SPACERS"
1521549-00-A,"MODEL X FRONT WSS, BOSCH, DF30I"
1521800-00-A,"UPPER BRIGHT SEAL FR,LH"
1521802-00-B,B-PLR APPLIQUE SEAL LH FR
1523544-00-A,"BOLT,HF,M10-1.5x30,[109],ZNFL,SMAT"
1526738-00-B,"ASY, FRUNK, MODEL 3 HP"
1526801-00-F,WINDOW REGULATOR MECHANISM FD RH
1526803-00-E,WINDOW  REGULATOR MECHANISM RD RH
1526805-00-C,WINDOW  REGULATOR CLOSEOUT FD RH
1526807-00-C,WINDOW REGULATOR CLOSEOUT  RD  RH
1528114-00-D,"DOOR HANDLE OUTER, PASSIVE, LH, BLACK"
1528115-00-D,"DOOR HANDLE OUTER, PASSIVE, RH, BLACK"
1530118-00-C,"TUBE (BATT), BATT RETURN"
1530123-00-B,"TUBE (PT), REAR PT SUPPLY"
1530128-00-A,"TUBE (PT), REAR PT RETURN, M3"
1530129-00-B,"TUBE (PT), FDU INVERTER INLET"
1530484-99-B,M3 ASY RR BUMPER BEAM - EXTRUSION NO LUG
1531350-00-A,"MODEL Y, ROOF GLASS, FRNTEDGESEAL ASY"
1531353-00-A,"MODEL Y, ROOF GLASS, PERIMTR SEAL ASY"
1533237-00-F,MY WSHLD ASSY LHD IR ACSTC TSA3+
1533237-S0-F,MY WSHLD ASSY LHD IR ACSTC (no sensor)
1533237-S0-L,MY WSHLD ASSY LHD IR ACOUSTIC (No THS)
1536684-00-G,"MY, LIFTGATE LOWER TRIM, ASY, RR SPEAKER"
1537115-00-B,"LBL,MDLY VECI AWD US/CANADA 2021"
1547272-00-B,M3 TRUNK STRIKER
1547640-00-A,"PIN AND GROMMET,9.1MM,1-1.8GRP,ASY"
1549230-S0-A,MY RR QTR OTR ASSY LH SVC E-COAT
1549231-S0-A,"MY RR QTR OTR ASSY, RH SVC E-COAT"
1550160-00-A,"GLASS, PREMIUM, DOMESTIC, LH MX"
1551442-00-A,"BOLT,PN,M5-0.8x18,[88],G1009[B],MAT"
1551488-00-C,M3 TRUNK LH POWER STRUT
1551489-00-B,M3S TRUNK RH GAS STRUT
1551844-01-A,SEAT 1R SW BTN CUSH GRAPHITE LH
1551845-01-A,SEAT 1R SW BTN RECL GRAPHITE LH
1551846-01-A,SEAT 1R SW BTN CUSH GRAPHITE RH
1551847-01-A,SEAT 1R SW BTN RECL GRAPHITE RH
1551935-S0-B,"ASY, REAR BENTO BOX, LH E-COATED"
1551936-S0-B,"ASY, REAR BENTO BOX, RH E-COATED"
1552976-00-A,"BOLT,HF,M10-1.5x157,[149],G0110,PC"
1552977-00-A,"BOLT,HF,M8-1.25x21,[109],G0110[B],PC"
1555376-00-C,MY LH Rocker Bracket
1555377-00-B,MY RH Rocker Bracket
1558195-99-B,"END ITEM, TRUNK TUB, MODEL Y, 7-SEAT"
1558860-00-E,"M3, LIFTGATE TRIM, POWER, END ITEM"
1559787-00-A,"M3 ACTIVE GRILLE SHUTTER ASSY, HEAT PUMP"
1559813-00-A,"BOLT,HF,M6-1x19,[109],G1009,MAT"
1562551-E0-A,"FRONT FENDER, LEFT"
1562880-00-A,M3 SPOILER TAPE
1564701-00-C,"VALANCE - FASCIA FRT, MS"
1565363-S0-B,"BODY SIDE COMPLETE, LEFT HAND"
1566302-00-A,"CHARGE PORT DOOR,M3/Y,NA"
1566302-10-G,"CHARGE PORT DOOR,M3/Y,NA"
1567138-88-D,"ASY, ROCKER COVER, LH, MODEL S, EXT"
1567142-00-B,"BRACKET, ROCKER SUPPORT, FR LH, MODEL S"
1567144-00-A,"BRACKET, ROCKER SUPPORT, RR LH, MODEL S"
1567148-00-B,"MOLDING, WHEEL FAIRING, LH, MODEL S"
1568570-00-C,M3 FD LH MOVING GLASS LAMINATED_NA
1569756-00-A,"WHEEL LINER, FR LH, MS"
1569756-00-C,"WHEEL LINER, FR LH, MS"
1570495-E0-A,"BOM MODULE, CIW, FR DOOR, LH, MX"
1581803-00-A,MX FRONT DOOR SECONDARY DOOR SEAL LH
1582616-00-B,FD LH  MOVING LAMINATED GLASS MY-NA
1582617-00-B,FD RH  MOVING LAMINATED GLASS MY-NA
1584544-00-C,LIFTGATE CINCH LATCH COVER
1584721-E0-A,"FRONT DOOR, LEFT"
1585129-00-C,"WHEEL LINER, FR RH, MX"
1585131-00-B,"WHEEL LINER, RR RH, MX"
1585278-00-A,MY WIPER MODULE GROMMET
1588012-00-A,MS P2 REAR T-Badge
1588184-S0-A,"MX FRONT FASCIA SVC, UNPAINTED"
1588186-00-B,"DUCT - FASCIA FRT SIDE LH, MXP2"
1588188-01-A,"BRKT - FASCIA LAMP LH1, MXP2"
1588188-02-A,"BRKT - FASCIA LAMP LH2, MXP2"
1588189-01-A,"BRKT - FASCIA LAMP RH1, MXP2"
1588189-02-A,"BRKT - FASCIA LAMP RH2, MXP2"
1588197-00-E,"GRILLE ASM - FASCIA FRT, MX"
1588283-00-B,"LAMP ASY, SIDE REPEATER CAMERA, LH"
1588353-00-D,"MS-P2 LAMINATED SIDE GLASS, FD LH"
1590804-98-C,"END ITEM,MY,7S TRUNK SIDE TRIM.LH"
1592031-00-F,"Ext Mirror Assy,ChrDel,EC,Dom,LH M3"
1592032-00-F,"Ext Mirror Assy,ChrDel,EC,Dom,RH M3"
1592650-98-C,"END ITEM, MY, 7S TRUNK SIDE TRIM,RH"
1594111-00-C,"EXT.MIRROR ASSY EC PREM DOM, LH MY"
1594112-00-C,"EXT.MIRROR ASSY EC PREM DOM, RH MY"
1598486-00-F,16V LI-ION BATTERY PACK
1600171-00-A,MS FD OUTER BELT BRIGHT ASSY LH
1600177-00-A,MS RD OUTER BELT BRIGHT ASSY LH
1601460-E0-A,"TRUNK ASSY, MODEL 3, POWERED"
1607786-00-A,"REAR T-BADGE, MY"
1608094-00-F,"ASY, FAIRING & GARNISH, FR LH, MODEL X"
1608095-00-F,"ASY, FAIRING & GARNISH, FR RH, MODEL X"
1608411-00-A,"FR BUMPER BEAM FOAM, MODEL X"
1608630-00-A,"ASY, FR BUMPER SYSTEM, MX"
1608742-00-A,"BUSHING FOR M6 BOLT,  MS"
1608802-00-C,"CAM-SEMS,[3MM OFF],M14-2x116,[109],G0401"
1609582-00-A,"FASCIA, RR LOWER, MX P2"
1609584-00-A,"COVER, TOW HITCH, FASCIA, RR, MX P2"
1610029-S0-B,CASTING REAR RAIL SERVICE ASSEMBLY LH
1610030-S0-B,CASTING REAR RAIL SERVICE ASSEMBLY RH
1610820-00-B,"CAM WASHER[3], M14x32x5,STL,G1009"
1611450-00-A,"LAMINATED SIDE GLASS, FD LH MX-P2"
1613443-00-B,"DEFLECTOR - FASCIA FRT VALANCE LH, MS"
1613444-00-B,"DEFLECTOR - FASCIA FRT VALANCE RH, MS"
1613579-00-D,"VALANCE, FASCIA FRT, MY"
1613731-00-A,"INNER BELT SEAL, FR DR, LH"
1613819-00-F,"EXT.MIRROR ASSY PREM DOM, LH MS P2"
1613861-00-A,ACOUSTIC FOAM INR FRT DR LH
1614126-00-E,"MX-P2, WINDOW REGULATOR, FR LH"
1614249-99-D,"B PLR APPLIQUE, LH TLA, MXP2"
1615099-00-A,"SEAL, DOOR FR, LH"
1615099-00-B,"SEAL, DOOR FR, LH"
1616945-00-A,"BRACKET, BLE, RR, FASCIA MX P2, LHS"
1616946-00-A,"BRACKET, BLE, RR, FASCIA MX P2, RHS"
1617912-00-C,"LAMP BRKT, MXP2"
1618419-00-C,"INNER BELT SEAL, FRONT DOOR, LH, MX"
1619812-98-B,"REAR APRON, HEPA, MY"
1619990-00-A,"ASY, FRONT LICENSE PLATE BRACKET, NA, MX"
1621159-00-A,MY UPPER BRIGHT TRIM CAP RH BERLIN
1621160-00-A,MY UPPER BRIGHT TRIM CAP LH
1621165-00-B,"MY FD OTR BELT ASSY RH BERLIN,AUSTIN"
1621169-00-C,"MY RD OUTER BELT ASSY RH BERLIN,AUSTIN"
1621194-00-C,"P2X SAE LAMP ASY, FRONT FASCIA, LH"
1622235-00-A,"SKULL CAP, EXT MIRROR, LH MS P2"
1623024-00-A,HINGE ASSY UPR FR DOOR LH
1625653-00-B,"END ITEM TRUNK LOAD FLOOR 2.0, 7S, MY"
1626077-00-B,"HINGE, RR LH UPR, MY"
1626078-00-B,"HINGE, RR LH LWR, MY"
1626226-00-A,"LAMP ASY, REAR REFLEX, LH"
1626227-00-A,"LAMP ASY, REAR REFLEX, RH"
1626305-00-B,"END ITEM, TRUNK BRACKET 2.0 RH, MY, 7S"
1626637-00-A,"HALFSHAFT ASSY, FR, MS SDU-F, LH"
1627607-00-A,"CARRIER ASY, DOOR HANDLE, FR LH, MX"
1627609-00-A,"CARRIER ASY, DOOR HANDLE, RR LH, MX"
1628768-00-A,"SEMS[FL],HX,M6-1.0x38,[109],G0109,SM"
1632814-00-C,"MODEL Y, ROOF GLASS, ASSEMBLY"
1633447-01-F,"FAB CONFIGURED, DOOR TRIM FR LH, MS"
1647662-00-E,"HOSE, CHILLER TO BATT, LHD"
1656102-ET-A,"MY FENDER ASSEMBLY, RH SVC E-COATED"
1656267-00-B,"SUBWOOFER ASSY, MYSP"
1657355-00-B,"END ITEM, TRUNK BRACKET 2.0 LH, MY, 7S"
1657574-00-C,"PAINT PROTECTION FILM, MSP2, LH"
1657961-00-A,"ASY, REAR LICENSE PLATE, NA, MXP2"
1658936-00-A,"MY WIPER MODULE LHD, AUSTIN SP"
1658938-00-A,"MY ARM&BLADE ASSY PS LHD, AUSTIN SP"
1658941-00-A,"MY ARM&BLADE ASSY DR LHD, AUSTIN SP"
1666856-00-A,"TRIM CLIP,8.5MM,0.7-1.6,SEAL,POM"
1667398-00-B,"TRUNK HINGE, M3, RH"
1667399-00-C,"TRUNK HINGE, M3, LH"
1673553-00-B,"MY REAR QTR GLASS ASSY LH, AUSTIN"
1680207-S0-A,ASY - RR QTR OTR COMP LH
1687601-00-E,ASY - FR BUMPER BEAM
1695208-00-A,"ASY-HINGE LWR, RR, LH"
1703856-00-A,"RR LP FRAME, MY, SATIN BLK, ACC, NA"
1713282-00-A,"LAMP ASY, REAR LICENSE PLATE, Magna"
1739324-00-A,"SPACER, FR AERO SHIELD AND SUBFRAME"
1740543-00-A,PLAID GRAPHIC BADGE
1755420-00-C,P2S SIDE REPEATER CAMERA ASSEMBLY LH
1755488-00-A,"WHEEL LINER, RR LH, MY-SP"
1755489-00-A,"WHEEL LINER, RR RH, MY-SP"
1767213-00-A,Drive Unit 3Y Core Charge
1776527-S0-A,M3 ASY TRUNK FLOOR
1784403-99-D,MY WS ASSY LHD ACSTC TSA3+ (FRMNT) AP4
1785299-00-B,"ASY - B-PILLAR APPLIQUE - LH, AP4, MY"
1800034-00-A,"MY, LAMP ASY, REAR REFLEX, LH"
1800035-00-A,"MY, LAMP ASY, REAR REFLEX, RH"
1806315-00-C,"ASSY, FORWARD BI-CAM, MY"
1820734-00-C,"ASSY, SIDE REPEATER LHS, 3Y"
1820735-00-C,"ASSY, SIDE REPEATER RHS, 3Y"
1821299-00-A,"FRONT QTR GLASS ASSY WITH SEAL, LH MS P2"
1821301-00-A,"FRONT QTR GLASS ASSY WITH SEAL, RH MS P2"
1834305-00-A,B-pillar Template
1835940-00-A,"Butyl w/ Fiberglass, MX Spine Carrier"
1850081-00-A,"VALENCE SUB ASSEMBLY, FRONT FASCIA, MXP2"
1898789-00-M,"PRIMARY HNG LH RR, RH FRT"
1899301-S0-A,"ASSEMBLY, LAMP CAN, LEFT HAND"
1899302-S0-A,"ASSEMBLY, LAMP CAN, RIGHT HAND"
1900710-E0-B,LIFTGATE
1916697-S0-A,FR FASCIA UNPAINTED WITH P/A BRACKETS
1916698-S0-A,REAR FASCIA UNPAINTED WITH P/A BRACKETS
1916699-S0-A,FR FASCIA UNPAINTED WITHOUT P/A BRACKETS
2004420-00-B,"ASY,HRN,MDLS,ROTW,FR FASCIA"
2032433-00-B,"ASY,HRN,MDLX,ALL,FRONT FASCIA"
2035338-00-A,"ASY,HRN,MDLS,FEM,AP2.5,HMLK"
2067958-00-C,"ASY,HARN,FR FASCIA,M3,W/LAMPS,W/USS"
2067958-04-C,"ASY,HARN,FR FASCIA,M3,W/LAMPS"
2486397-00-C,"ASY,HARN,MS,FR LH DOOR,LHD"
2489042-04-C,"ASY,HARN,BODY R,LHD,PREM,7S"
2489059-01-B,"ASY,HARN,RR SUBFRAME,COIL,ALL"
2525001-11-E,"USS, APA, RADIAL, PEARL WHITE"
2525001-12-D,"USS, APA, RADIAL, STEEL GREY"
2525002-11-E,"USS, UPA, RADIAL, PEARL WHITE"
2525002-12-D,"USS, UPA, RADIAL, STEEL GREY"
2567961-03-C,"ASY,HARN,FEM HARNESS,CONTI ARS CAPPED"
3067964-02-C,"ASY,HARN,FR,LHD,RWD"
3067964-02-D,"ASY,HARN,FR,LHD,RWD"
3488223-00-A,"SVC WHEEL, 20X9.5J ET45, INDUCTION, MY"
3907898-01-A,NA MY 3R CUSHION SEAT ASY PUR BLK
6005884-00-K,ASSY - BUMPER SYSTEM FR NA
6005907-00-D,HD/LP ASY - SAE Bi-HID (RH)
6005913-00-I,LAMP ASY - FRT FOG/SD Reflex - SAE (LH)
6005914-00-I,LAMP ASY - FRT FOG/SD Reflex - SAE (RH)
6006601-00-B,HOOD LATCH
6006603-00-C,GAS STRUT - HOOD
6006622-E0-H,"ASSY - DOOR COMP, FR RH ECOAT"
6006647-00-E,GLASS-FR DOOR WINDOW RH
6006651-00-L,REGULATOR ASY FR DOOR RH
6007202-00-C,STRIKER-HOOD ASY
6007220-00-C,BUMPER-OVERSLAM AT LWR LIFTGATE
6007343-00-D,"HOSE (PT), 3WVLV TO RAD ASSY, MS"
6007352-00-F,"ASY, CONDENSER-FAN MODULE, GAS COOL, MS2"
6007572-00-E,HOOD RELEASE SECONDARY
6007699-00-C,LAMP ASY SIDE REPEATER SAE & ECE (RH)
6007705-00-D,LAMP ASY RR REFLEX (LH)
6007707-00-C,LAMP ASY SIDE REPEATER SAE & ECE (LH)
6007724-00-E,BRKT - BODY ATTACHMENT FACIA RR
6007733-00-A,"AC LINE, CONDENSER 1 TO CONDENSER 2"
6008022-E0-D,"ASSY - FRONT FENDER, LH ECOATED"
6008027-E0-D,"ASSY - FRONT FENDER, RH ECOATED"
6008160-00-C,FR FASCIA - LOWER VALENCE
6008160-00-D,FR FASCIA - LOWER VALENCE
6008357-00-F,"ASY, CONDENSER-FAN MODULE, SUB COOL, MS2"
6009004-00-C,"TRIM, REAR FASCIA CHROME"
6009005-00-B,"APPLIQUE, REAR FASCIA"
6009030-S0-B,ASY-FR FENDER BRACE LH SVC
6009384-00-C,"TRIM-FR FOG LAMP UPR, RH CHROME"
6009385-00-C,"TRIM-FR FOG LAMP LWR, RH CHROME"
6009387-00-C,"TRIM-FR FOG LAMP UPR, LH CHROME"
6009388-00-C,"TRIM-FR FOG LAMP LWR, LH CHROME"
6009549-00-F,ASY-HINGE UPR FR
6009581-00-C,"SEAL, HOOD"
6009584-00-N,SEAL BODY SIDE FR PRIMARY RH
6009587-00-D,"SEAL, BODY SIDE RR SECONDARY, LH"
6009588-00-D,"SEAL, BODY SIDE RR SECONDARY, RH"
6009594-00-D,"SEAL, DOOR FR, RH"
6009607-00-E,"SEAL, DOOR FRONT FIXED GLASS, RH"
6009607-99-C,"SEAL, DOOR FRONT FIXED GLASS, RH"
